Workbook

Sheet Dashboard
A1: SCHOOL MANAGEMENT DASHBOARD
A3: Total Students | D3: Active Students | G3: Total Teachers | J3: Fee Metric | K3: Amount
A4: =COUNTA(Students!H4:H203) | D4: =COUNTIF(Students!Q4:Q203,"Active") | G4: =COUNTA(Teachers!B4:B103) | J4: Total Fees | K4: =SUM(Fees!G4:G303)
J5: Collected | K5: =SUM(Fees!H4:H303)
A6: Total Fees | D6: Fees Collected | G6: Fees Due | J6: Due | K6: =SUM(Fees!I4:I303)
A7: =SUM(Fees!G4:G303) | D7: =SUM(Fees!H4:H303) | G7: =SUM(Fees!I4:I303)
A9: Pass Records | D9: Fail Records | G9: Average Marks %
A10: =COUNTIF(Marks!O4:O503,"PASS") | D10: =COUNTIF(Marks!O4:O503,"FAIL") | G10: =IFERROR(AVERAGE(Marks!M4:M503),0)
A13: Quick Workflow
A14: 1. Enter/update Students in the Student Registration sheet.
A15: 2. Add subjects and full/pass marks in Subject Master.
A16: 3. Record daily attendance.
A17: 4. Record fees/receipts and monitor outstanding dues.
A18: 5. Enter exam marks; totals, percentage, grade and pass/fail calculate automatically.
A19: 6. Use Result Summary for report preparation.
A20: 7. Review Dashboard for management KPIs and monthly decisions.

Sheet Settings
A1: School Management System — Settings
A3: Academic Years | B3: 2026/27
A4: Classes | B4: Nursery | C4: LKG | D4: UKG | E4: 1 | F4: 2 | G4: 3 | H4: 4 | I4: 5 | J4: 6 | K4: 7 | L4: 8 | M4: 9 | N4: 10 | O4: 11 | P4: 12
A5: Gender | B5: Male | C5: Female | D5: Other
A6: Student Status | B6: Active | C6: Inactive | D6: Transferred | E6: Graduated
A7: Attendance | B7: Present | C7: Absent | D7: Late | E7: Leave
A8: Payment Status | B8: Paid | C8: Partial | D8: Due
A9: Exam | B9: First Term | C9: Mid Term | D9: Final Term | E9: Unit Test

Sheet Students
A1: Student Registration
A3: Student ID | B3: Registration No | C3: Admission Date | D3: Academic Year | E3: Class | F3: Section | G3: Roll No | H3: Student Name | I3: Gender | J3: Date of Birth | K3: Father Name | L3: Mother Name | M3: Guardian Phone | N3: Address | O3: Previous School | P3: Blood Group | Q3: Status | R3: Remarks
A4: =IF(H4="","",ROW()-3) | Q4: Active
A5: =IF(H5="","",ROW()-3) | Q5: Active
A6: =IF(H6="","",ROW()-3) | Q6: Active
A7: =IF(H7="","",ROW()-3) | Q7: Active
A8: =IF(H8="","",ROW()-3) | Q8: Active
A9: =IF(H9="","",ROW()-3) | Q9: Active
A10: =IF(H10="","",ROW()-3) | Q10: Active
A11: =IF(H11="","",ROW()-3) | Q11: Active
A12: =IF(H12="","",ROW()-3) | Q12: Active
A13: =IF(H13="","",ROW()-3) | Q13: Active
A14: =IF(H14="","",ROW()-3) | Q14: Active
A15: =IF(H15="","",ROW()-3) | Q15: Active
... A203: =IF(H203="","",ROW()-3) | Q203: Active

Sheet Subjects
A1: Subject Master
A3: Subject ID | B3: Subject Name | C3: Class | D3: Full Marks | E3: Pass Marks | F3: Theory Marks | G3: Practical Marks | H3: Status
A4: 1 | B4: English | C4: 10 | D4: 100 | E4: 40 | F4: 75 | G4: 25 | H4: Active
A5: 2 | B5: Mathematics | C5: 10 | D5: 100 | E5: 40 | F5: 100 | G5: 0 | H5: Active
A6: 3 | B6: Science | C6: 10 | D6: 100 | E6: 40 | F6: 75 | G6: 25 | H6: Active
A7: 4 | B7: Nepali | C7: 10 | D7: 100 | E7: 40 | F7: 100 | G7: 0 | H7: Active
A8: 5 | B8: Social Studies | C8: 10 | D8: 100 | E8: 40 | F8: 100 | G8: 0 | H8: Active

Sheet Marks
A1: Student Marks & Result Entry
A3: Exam | B3: Academic Year | C3: Student ID | D3: Student Name | E3: Class | F3: Section | G3: Subject | H3: Full Marks | I3: Pass Marks | J3: Theory | K3: Practical | L3: Total | M3: Percentage | N3: Grade | O3: Result | P3: Remarks
L4: =IF(D4="","",J4+K4) | M4: =IFERROR(L4/H4*100,"") | N4: =IF(M4="","",IF(M4>=90,"A+",IF(M4>=80,"A",IF(M4>=70,"B+",IF(M4>=60,"B",IF(M4>=50,"C+",IF(M4>=40,"C","F"))))))) | O4: =IF(OR(J4<I4,L4<I4),"FAIL","PASS")
L5: =IF(D5="","",J5+K5) | M5: =IFERROR(L5/H5*100,"") | N5: =IF(M5="","",IF(M5>=90,"A+",IF(M5>=80,"A",IF(M5>=70,"B+",IF(M5>=60,"B",IF(M5>=50,"C+",IF(M5>=40,"C","F"))))))) | O5: =IF(OR(J5<I5,L5<I5),"FAIL","PASS")
L6: =IF(D6="","",J6+K6) | M6: =IFERROR(L6/H6*100,"") | N6: =IF(M6="","",IF(M6>=90,"A+",IF(M6>=80,"A",IF(M6>=70,"B+",IF(M6>=60,"B",IF(M6>=50,"C+",IF(M6>=40,"C","F"))))))) | O6: =IF(OR(J6<I6,L6<I6),"FAIL","PASS")
L7: =IF(D7="","",J7+K7) | M7: =IFERROR(L7/H7*100,"") | N7: =IF(M7="","",IF(M7>=90,"A+",IF(M7>=80,"A",IF(M7>=70,"B+",IF(M7>=60,"B",IF(M7>=50,"C+",IF(M7>=40,"C","F"))))))) | O7: =IF(OR(J7<I7,L7<I7),"FAIL","PASS")
L8: =IF(D8="","",J8+K8) | M8: =IFERROR(L8/H8*100,"") | N8: =IF(M8="","",IF(M8>=90,"A+",IF(M8>=80,"A",IF(M8>=70,"B+",IF(M8>=60,"B",IF(M8>=50,"C+",IF(M8>=40,"C","F"))))))) | O8: =IF(OR(J8<I8,L8<I8),"FAIL","PASS")
L9: =IF(D9="","",J9+K9) | M9: =IFERROR(L9/H9*100,"") | N9: =IF(M9="","",IF(M9>=90,"A+",IF(M9>=80,"A",IF(M9>=70,"B+",IF(M9>=60,"B",IF(M9>=50,"C+",IF(M9>=40,"C","F"))))))) | O9: =IF(OR(J9<I9,L9<I9),"FAIL","PASS")
L10: =IF(D10="","",J10+K10) | M10: =IFERROR(L10/H10*100,"") | N10: =IF(M10="","",IF(M10>=90,"A+",IF(M10>=80,"A",IF(M10>=70,"B+",IF(M10>=60,"B",IF(M10>=50,"C+",IF(M10>=40,"C","F"))))))) | O10: =IF(OR(J10<I10,L10<I10),"FAIL","PASS")
L11: =IF(D11="","",J11+K11) | M11: =IFERROR(L11/H11*100,"") | N11: =IF(M11="","",IF(M11>=90,"A+",IF(M11>=80,"A",IF(M11>=70,"B+",IF(M11>=60,"B",IF(M11>=50,"C+",IF(M11>=40,"C","F"))))))) | O11: =IF(OR(J11<I11,L11<I11),"FAIL","PASS")
L12: =IF(D12="","",J12+K12) | M12: =IFERROR(L12/H12*100,"") | N12: =IF(M12="","",IF(M12>=90,"A+",IF(M12>=80,"A",IF(M12>=70,"B+",IF(M12>=60,"B",IF(M12>=50,"C+",IF(M12>=40,"C","F"))))))) | O12: =IF(OR(J12<I12,L12<I12),"FAIL","PASS")
L13: =IF(D13="","",J13+K13) | M13: =IFERROR(L13/H13*100,"") | N13: =IF(M13="","",IF(M13>=90,"A+",IF(M13>=80,"A",IF(M13>=70,"B+",IF(M13>=60,"B",IF(M13>=50,"C+",IF(M13>=40,"C","F"))))))) | O13: =IF(OR(J13<I13,L13<I13),"FAIL","PASS")
L14: =IF(D14="","",J14+K14) | M14: =IFERROR(L14/H14*100,"") | N14: =IF(M14="","",IF(M14>=90,"A+",IF(M14>=80,"A",IF(M14>=70,"B+",IF(M14>=60,"B",IF(M14>=50,"C+",IF(M14>=40,"C","F"))))))) | O14: =IF(OR(J14<I14,L14<I14),"FAIL","PASS")
L15: =IF(D15="","",J15+K15) | M15: =IFERROR(L15/H15*100,"") | N15: =IF(M15="","",IF(M15>=90,"A+",IF(M15>=80,"A",IF(M15>=70,"B+",IF(M15>=60,"B",IF(M15>=50,"C+",IF(M15>=40,"C","F"))))))) | O15: =IF(OR(J15<I15,L15<I15),"FAIL","PASS")
... L503: =IF(D503="","",J503+K503) | M503: =IFERROR(L503/H503*100,"") | N503: =IF(M503="","",IF(M503>=90,"A+",IF(M503>=80,"A",IF(M503>=70,"B+",IF(M503>=60,"B",IF(M503>=50,"C+",IF(M503>=40,"C","F"))))))) | O503: =IF(OR(J503<I503,L503<I503),"FAIL","PASS")

Sheet Result Summary
A1: Student Result Summary
A3: Student ID | B3: Student Name | C3: Class | D3: Section | E3: Exam | F3: Subjects | G3: Total Obtained | H3: Total Full Marks | I3: Percentage | J3: Grade | K3: Result | L3: Rank
F4: =IF(B4="","",COUNTIFS(Marks!$D$4:$D$503,B4,Marks!$A$4:$A$503,E4)) | G4: =IF(B4="","",SUMIFS(Marks!$L$4:$L$503,Marks!$D$4:$D$503,B4,Marks!$A$4:$A$503,E4)) | H4: =IF(B4="","",SUMIFS(Marks!$H$4:$H$503,Marks!$D$4:$D$503,B4,Marks!$A$4:$A$503,E4)) | I4: =IFERROR(G4/H4*100,"") | J4: =IF(I4="","",IF(I4>=90,"A+",IF(I4>=80,"A",IF(I4>=70,"B+",IF(I4>=60,"B",IF(I4>=50,"C+",IF(I4>=40,"C","F"))))))) | K4: =IF(COUNTIFS(Marks!$D$4:$D$503,B4,Marks!$A$4:$A$503,E4,Marks!$O$4:$O$503,"FAIL")>0,"FAIL","PASS")
F5: =IF(B5="","",COUNTIFS(Marks!$D$4:$D$503,B5,Marks!$A$4:$A$503,E5)) | G5: =IF(B5="","",SUMIFS(Marks!$L$4:$L$503,Marks!$D$4:$D$503,B5,Marks!$A$4:$A$503,E5)) | H5: =IF(B5="","",SUMIFS(Marks!$H$4:$H$503,Marks!$D$4:$D$503,B5,Marks!$A$4:$A$503,E5)) | I5: =IFERROR(G5/H5*100,"") | J5: =IF(I5="","",IF(I5>=90,"A+",IF(I5>=80,"A",IF(I5>=70,"B+",IF(I5>=60,"B",IF(I5>=50,"C+",IF(I5>=40,"C","F"))))))) | K5: =IF(COUNTIFS(Marks!$D$4:$D$503,B5,Marks!$A$4:$A$503,E5,Marks!$O$4:$O$503,"FAIL")>0,"FAIL","PASS")
F6: =IF(B6="","",COUNTIFS(Marks!$D$4:$D$503,B6,Marks!$A$4:$A$503,E6)) | G6: =IF(B6="","",SUMIFS(Marks!$L$4:$L$503,Marks!$D$4:$D$503,B6,Marks!$A$4:$A$503,E6)) | H6: =IF(B6="","",SUMIFS(Marks!$H$4:$H$503,Marks!$D$4:$D$503,B6,Marks!$A$4:$A$503,E6)) | I6: =IFERROR(G6/H6*100,"") | J6: =IF(I6="","",IF(I6>=90,"A+",IF(I6>=80,"A",IF(I6>=70,"B+",IF(I6>=60,"B",IF(I6>=50,"C+",IF(I6>=40,"C","F"))))))) | K6: =IF(COUNTIFS(Marks!$D$4:$D$503,B6,Marks!$A$4:$A$503,E6,Marks!$O$4:$O$503,"FAIL")>0,"FAIL","PASS")
F7: =IF(B7="","",COUNTIFS(Marks!$D$4:$D$503,B7,Marks!$A$4:$A$503,E7)) | G7: =IF(B7="","",SUMIFS(Marks!$L$4:$L$503,Marks!$D$4:$D$503,B7,Marks!$A$4:$A$503,E7)) | H7: =IF(B7="","",SUMIFS(Marks!$H$4:$H$503,Marks!$D$4:$D$503,B7,Marks!$A$4:$A$503,E7)) | I7: =IFERROR(G7/H7*100,"") | J7: =IF(I7="","",IF(I7>=90,"A+",IF(I7>=80,"A",IF(I7>=70,"B+",IF(I7>=60,"B",IF(I7>=50,"C+",IF(I7>=40,"C","F"))))))) | K7: =IF(COUNTIFS(Marks!$D$4:$D$503,B7,Marks!$A$4:$A$503,E7,Marks!$O$4:$O$503,"FAIL")>0,"FAIL","PASS")
F8: =IF(B8="","",COUNTIFS(Marks!$D$4:$D$503,B8,Marks!$A$4:$A$503,E8)) | G8: =IF(B8="","",SUMIFS(Marks!$L$4:$L$503,Marks!$D$4:$D$503,B8,Marks!$A$4:$A$503,E8)) | H8: =IF(B8="","",SUMIFS(Marks!$H$4:$H$503,Marks!$D$4:$D$503,B8,Marks!$A$4:$A$503,E8)) | I8: =IFERROR(G8/H8*100,"") | J8: =IF(I8="","",IF(I8>=90,"A+",IF(I8>=80,"A",IF(I8>=70,"B+",IF(I8>=60,"B",IF(I8>=50,"C+",IF(I8>=40,"C","F"))))))) | K8: =IF(COUNTIFS(Marks!$D$4:$D$503,B8,Marks!$A$4:$A$503,E8,Marks!$O$4:$O$503,"FAIL")>0,"FAIL","PASS")
F9: =IF(B9="","",COUNTIFS(Marks!$D$4:$D$503,B9,Marks!$A$4:$A$503,E9)) | G9: =IF(B9="","",SUMIFS(Marks!$L$4:$L$503,Marks!$D$4:$D$503,B9,Marks!$A$4:$A$503,E9)) | H9: =IF(B9="","",SUMIFS(Marks!$H$4:$H$503,Marks!$D$4:$D$503,B9,Marks!$A$4:$A$503,E9)) | I9: =IFERROR(G9/H9*100,"") | J9: =IF(I9="","",IF(I9>=90,"A+",IF(I9>=80,"A",IF(I9>=70,"B+",IF(I9>=60,"B",IF(I9>=50,"C+",IF(I9>=40,"C","F"))))))) | K9: =IF(COUNTIFS(Marks!$D$4:$D$503,B9,Marks!$A$4:$A$503,E9,Marks!$O$4:$O$503,"FAIL")>0,"FAIL","PASS")
F10: =IF(B10="","",COUNTIFS(Marks!$D$4:$D$503,B10,Marks!$A$4:$A$503,E10)) | G10: =IF(B10="","",SUMIFS(Marks!$L$4:$L$503,Marks!$D$4:$D$503,B10,Marks!$A$4:$A$503,E10)) | H10: =IF(B10="","",SUMIFS(Marks!$H$4:$H$503,Marks!$D$4:$D$503,B10,Marks!$A$4:$A$503,E10)) | I10: =IFERROR(G10/H10*100,"") | J10: =IF(I10="","",IF(I10>=90,"A+",IF(I10>=80,"A",IF(I10>=70,"B+",IF(I10>=60,"B",IF(I10>=50,"C+",IF(I10>=40,"C","F"))))))) | K10: =IF(COUNTIFS(Marks!$D$4:$D$503,B10,Marks!$A$4:$A$503,E10,Marks!$O$4:$O$503,"FAIL")>0,"FAIL","PASS")
F11: =IF(B11="","",COUNTIFS(Marks!$D$4:$D$503,B11,Marks!$A$4:$A$503,E11)) | G11: =IF(B11="","",SUMIFS(Marks!$L$4:$L$503,Marks!$D$4:$D$503,B11,Marks!$A$4:$A$503,E11)) | H11: =IF(B11="","",SUMIFS(Marks!$H$4:$H$503,Marks!$D$4:$D$503,B11,Marks!$A$4:$A$503,E11)) | I11: =IFERROR(G11/H11*100,"") | J11: =IF(I11="","",IF(I11>=90,"A+",IF(I11>=80,"A",IF(I11>=70,"B+",IF(I11>=60,"B",IF(I11>=50,"C+",IF(I11>=40,"C","F"))))))) | K11: =IF(COUNTIFS(Marks!$D$4:$D$503,B11,Marks!$A$4:$A$503,E11,Marks!$O$4:$O$503,"FAIL")>0,"FAIL","PASS")
F12: =IF(B12="","",COUNTIFS(Marks!$D$4:$D$503,B12,Marks!$A$4:$A$503,E12)) | G12: =IF(B12="","",SUMIFS(Marks!$L$4:$L$503,Marks!$D$4:$D$503,B12,Marks!$A$4:$A$503,E12)) | H12: =IF(B12="","",SUMIFS(Marks!$H$4:$H$503,Marks!$D$4:$D$503,B12,Marks!$A$4:$A$503,E12)) | I12: =IFERROR(G12/H12*100,"") | J12: =IF(I12="","",IF(I12>=90,"A+",IF(I12>=80,"A",IF(I12>=70,"B+",IF(I12>=60,"B",IF(I12>=50,"C+",IF(I12>=40,"C","F"))))))) | K12: =IF(COUNTIFS(Marks!$D$4:$D$503,B12,Marks!$A$4:$A$503,E12,Marks!$O$4:$O$503,"FAIL")>0,"FAIL","PASS")
F13: =IF(B13="","",COUNTIFS(Marks!$D$4:$D$503,B13,Marks!$A$4:$A$503,E13)) | G13: =IF(B13="","",SUMIFS(Marks!$L$4:$L$503,Marks!$D$4:$D$503,B13,Marks!$A$4:$A$503,E13)) | H13: =IF(B13="","",SUMIFS(Marks!$H$4:$H$503,Marks!$D$4:$D$503,B13,Marks!$A$4:$A$503,E13)) | I13: =IFERROR(G13/H13*100,"") | J13: =IF(I13="","",IF(I13>=90,"A+",IF(I13>=80,"A",IF(I13>=70,"B+",IF(I13>=60,"B",IF(I13>=50,"C+",IF(I13>=40,"C","F"))))))) | K13: =IF(COUNTIFS(Marks!$D$4:$D$503,B13,Marks!$A$4:$A$503,E13,Marks!$O$4:$O$503,"FAIL")>0,"FAIL","PASS")
F14: =IF(B14="","",COUNTIFS(Marks!$D$4:$D$503,B14,Marks!$A$4:$A$503,E14)) | G14: =IF(B14="","",SUMIFS(Marks!$L$4:$L$503,Marks!$D$4:$D$503,B14,Marks!$A$4:$A$503,E14)) | H14: =IF(B14="","",SUMIFS(Marks!$H$4:$H$503,Marks!$D$4:$D$503,B14,Marks!$A$4:$A$503,E14)) | I14: =IFERROR(G14/H14*100,"") | J14: =IF(I14="","",IF(I14>=90,"A+",IF(I14>=80,"A",IF(I14>=70,"B+",IF(I14>=60,"B",IF(I14>=50,"C+",IF(I14>=40,"C","F"))))))) | K14: =IF(COUNTIFS(Marks!$D$4:$D$503,B14,Marks!$A$4:$A$503,E14,Marks!$O$4:$O$503,"FAIL")>0,"FAIL","PASS")
F15: =IF(B15="","",COUNTIFS(Marks!$D$4:$D$503,B15,Marks!$A$4:$A$503,E15)) | G15: =IF(B15="","",SUMIFS(Marks!$L$4:$L$503,Marks!$D$4:$D$503,B15,Marks!$A$4:$A$503,E15)) | H15: =IF(B15="","",SUMIFS(Marks!$H$4:$H$503,Marks!$D$4:$D$503,B15,Marks!$A$4:$A$503,E15)) | I15: =IFERROR(G15/H15*100,"") | J15: =IF(I15="","",IF(I15>=90,"A+",IF(I15>=80,"A",IF(I15>=70,"B+",IF(I15>=60,"B",IF(I15>=50,"C+",IF(I15>=40,"C","F"))))))) | K15: =IF(COUNTIFS(Marks!$D$4:$D$503,B15,Marks!$A$4:$A$503,E15,Marks!$O$4:$O$503,"FAIL")>0,"FAIL","PASS")
... F203: =IF(B203="","",COUNTIFS(Marks!$D$4:$D$503,B203,Marks!$A$4:$A$503,E203)) | G203: =IF(B203="","",SUMIFS(Marks!$L$4:$L$503,Marks!$D$4:$D$503,B203,Marks!$A$4:$A$503,E203)) | H203: =IF(B203="","",SUMIFS(Marks!$H$4:$H$503,Marks!$D$4:$D$503,B203,Marks!$A$4:$A$503,E203)) | I203: =IFERROR(G203/H203*100,"") | J203: =IF(I203="","",IF(I203>=90,"A+",IF(I203>=80,"A",IF(I203>=70,"B+",IF(I203>=60,"B",IF(I203>=50,"C+",IF(I203>=40,"C","F"))))))) | K203: =IF(COUNTIFS(Marks!$D$4:$D$503,B203,Marks!$A$4:$A$503,E203,Marks!$O$4:$O$503,"FAIL")>0,"FAIL","PASS")

Sheet Attendance
A1: Student Attendance
A3: Date | B3: Student ID | C3: Student Name | D3: Class | E3: Section | F3: Status | G3: In Time | H3: Out Time | I3: Hours | J3: Remarks
I4: =IF(OR(G4="",H4=""),"",((H4-G4)*24))
I5: =IF(OR(G5="",H5=""),"",((H5-G5)*24))
I6: =IF(OR(G6="",H6=""),"",((H6-G6)*24))
I7: =IF(OR(G7="",H7=""),"",((H7-G7)*24))
I8: =IF(OR(G8="",H8=""),"",((H8-G8)*24))
I9: =IF(OR(G9="",H9=""),"",((H9-G9)*24))
I10: =IF(OR(G10="",H10=""),"",((H10-G10)*24))
I11: =IF(OR(G11="",H11=""),"",((H11-G11)*24))
I12: =IF(OR(G12="",H12=""),"",((H12-G12)*24))
I13: =IF(OR(G13="",H13=""),"",((H13-G13)*24))
I14: =IF(OR(G14="",H14=""),"",((H14-G14)*24))
I15: =IF(OR(G15="",H15=""),"",((H15-G15)*24))
... I503: =IF(OR(G503="",H503=""),"",((H503-G503)*24))

Sheet Fees
A1: Student Fees & Payments
A3: Receipt No | B3: Date | C3: Student ID | D3: Student Name | E3: Class | F3: Fee Type | G3: Amount | H3: Paid | I3: Due | J3: Payment Method | K3: Status | L3: Remarks
I4: =IF(G4="","",G4-H4) | K4: =IF(G4="","",IF(I4<=0,"Paid",IF(H4>0,"Partial","Due")))
I5: =IF(G5="","",G5-H5) | K5: =IF(G5="","",IF(I5<=0,"Paid",IF(H5>0,"Partial","Due")))
I6: =IF(G6="","",G6-H6) | K6: =IF(G6="","",IF(I6<=0,"Paid",IF(H6>0,"Partial","Due")))
I7: =IF(G7="","",G7-H7) | K7: =IF(G7="","",IF(I7<=0,"Paid",IF(H7>0,"Partial","Due")))
I8: =IF(G8="","",G8-H8) | K8: =IF(G8="","",IF(I8<=0,"Paid",IF(H8>0,"Partial","Due")))
I9: =IF(G9="","",G9-H9) | K9: =IF(G9="","",IF(I9<=0,"Paid",IF(H9>0,"Partial","Due")))
I10: =IF(G10="","",G10-H10) | K10: =IF(G10="","",IF(I10<=0,"Paid",IF(H10>0,"Partial","Due")))
I11: =IF(G11="","",G11-H11) | K11: =IF(G11="","",IF(I11<=0,"Paid",IF(H11>0,"Partial","Due")))
I12: =IF(G12="","",G12-H12) | K12: =IF(G12="","",IF(I12<=0,"Paid",IF(H12>0,"Partial","Due")))
I13: =IF(G13="","",G13-H13) | K13: =IF(G13="","",IF(I13<=0,"Paid",IF(H13>0,"Partial","Due")))
I14: =IF(G14="","",G14-H14) | K14: =IF(G14="","",IF(I14<=0,"Paid",IF(H14>0,"Partial","Due")))
I15: =IF(G15="","",G15-H15) | K15: =IF(G15="","",IF(I15<=0,"Paid",IF(H15>0,"Partial","Due")))
... I303: =IF(G303="","",G303-H303) | K303: =IF(G303="","",IF(I303<=0,"Paid",IF(H303>0,"Partial","Due")))

Sheet Teachers
A1: Teacher Master
A3: Teacher ID | B3: Teacher Name | C3: Subject | D3: Phone | E3: Email | F3: Join Date | G3: Qualification | H3: Salary | I3: Status | J3: Remarks

Sheet Instructions
A1: How to Use This School Management Excel System
A3: Topic | B3: Instructions
A4: Step 1 | B4: Open Settings and update academic year, classes, gender/status and exam names.
A5: Step 2 | B5: Enter students in Student Registration. Keep one student per row and use a unique Registration No.
A6: Step 3 | B6: Enter subjects in Subject Master with Full Marks and Pass Marks.
A7: Step 4 | B7: Record attendance daily in Attendance.
A8: Step 5 | B8: Record fee invoices/receipts in Fees. Paid and Due are calculated automatically.
A9: Step 6 | B9: Enter exam marks in Marks. Total, Percentage, Grade and Result are automatic.
A10: Step 7 | B10: Use Result Summary to prepare student results.
A11: Step 8 | B11: Use Dashboard for school-level KPIs.
A12: Best practice | B12: Do not overwrite formula columns. Add new records in the blank rows or extend the Excel Tables.
A13: Backup | B13: Save dated copies regularly, e.g. School_Management_2026-09-11.xlsx.
A14: Printing | B14: For report cards, filter the Result Summary by student/exam and print the required records.
A15: Customization | B15: You can add subjects, classes, sections, fee types, teachers and additional fields as needed.
