Workbook

Sheet Leave Tracker
A1: EMPLOYEE VACATION / LEAVE TRACKER
A2: Enter one leave request per row. Working days exclude Saturdays and dates entered in Holiday List.
A4: Employee ID | B4: Employee Name | C4: Department | D4: Leave Type | E4: Start Date | F4: End Date | G4: Calendar Days | H4: Working Leave Days | I4: Annual Entitlement | J4: Leave Taken (Approved) | K4: Remaining Balance | L4: Request Status | M4: Approved By | N4: Remarks
A5: 101 | B5: deepak | C5: computer | D5: Personal | E5: 46297 | F5: 46299 | G5: =IF(OR(E5="",F5=""),"",MAX(0,F5-E5+1)) -> 3 | H5: =IF(OR(E5="",F5="",F5<E5),"",NETWORKDAYS.INTL(E5,F5,17,'Holiday List'!$A$4:$A$103)) -> 2 | J5: =IF(A5="","",SUMIFS($H$5:$H$204,$A$5:$A$204,A5,$L$5:$L$204,"Approved")) -> 0 | K5: =IF(OR(A5="",I5=""),"",I5-J5)
G6: =IF(OR(E6="",F6=""),"",MAX(0,F6-E6+1)) | H6: =IF(OR(E6="",F6="",F6<E6),"",NETWORKDAYS.INTL(E6,F6,17,'Holiday List'!$A$4:$A$103)) | J6: =IF(A6="","",SUMIFS($H$5:$H$204,$A$5:$A$204,A6,$L$5:$L$204,"Approved")) | K6: =IF(OR(A6="",I6=""),"",I6-J6)
G7: =IF(OR(E7="",F7=""),"",MAX(0,F7-E7+1)) | H7: =IF(OR(E7="",F7="",F7<E7),"",NETWORKDAYS.INTL(E7,F7,17,'Holiday List'!$A$4:$A$103)) | J7: =IF(A7="","",SUMIFS($H$5:$H$204,$A$5:$A$204,A7,$L$5:$L$204,"Approved")) | K7: =IF(OR(A7="",I7=""),"",I7-J7)
G8: =IF(OR(E8="",F8=""),"",MAX(0,F8-E8+1)) | H8: =IF(OR(E8="",F8="",F8<E8),"",NETWORKDAYS.INTL(E8,F8,17,'Holiday List'!$A$4:$A$103)) | J8: =IF(A8="","",SUMIFS($H$5:$H$204,$A$5:$A$204,A8,$L$5:$L$204,"Approved")) | K8: =IF(OR(A8="",I8=""),"",I8-J8)
G9: =IF(OR(E9="",F9=""),"",MAX(0,F9-E9+1)) | H9: =IF(OR(E9="",F9="",F9<E9),"",NETWORKDAYS.INTL(E9,F9,17,'Holiday List'!$A$4:$A$103)) | J9: =IF(A9="","",SUMIFS($H$5:$H$204,$A$5:$A$204,A9,$L$5:$L$204,"Approved")) | K9: =IF(OR(A9="",I9=""),"",I9-J9)
G10: =IF(OR(E10="",F10=""),"",MAX(0,F10-E10+1)) | H10: =IF(OR(E10="",F10="",F10<E10),"",NETWORKDAYS.INTL(E10,F10,17,'Holiday List'!$A$4:$A$103)) | J10: =IF(A10="","",SUMIFS($H$5:$H$204,$A$5:$A$204,A10,$L$5:$L$204,"Approved")) | K10: =IF(OR(A10="",I10=""),"",I10-J10)
G11: =IF(OR(E11="",F11=""),"",MAX(0,F11-E11+1)) | H11: =IF(OR(E11="",F11="",F11<E11),"",NETWORKDAYS.INTL(E11,F11,17,'Holiday List'!$A$4:$A$103)) | J11: =IF(A11="","",SUMIFS($H$5:$H$204,$A$5:$A$204,A11,$L$5:$L$204,"Approved")) | K11: =IF(OR(A11="",I11=""),"",I11-J11)
G12: =IF(OR(E12="",F12=""),"",MAX(0,F12-E12+1)) | H12: =IF(OR(E12="",F12="",F12<E12),"",NETWORKDAYS.INTL(E12,F12,17,'Holiday List'!$A$4:$A$103)) | J12: =IF(A12="","",SUMIFS($H$5:$H$204,$A$5:$A$204,A12,$L$5:$L$204,"Approved")) | K12: =IF(OR(A12="",I12=""),"",I12-J12)
G13: =IF(OR(E13="",F13=""),"",MAX(0,F13-E13+1)) | H13: =IF(OR(E13="",F13="",F13<E13),"",NETWORKDAYS.INTL(E13,F13,17,'Holiday List'!$A$4:$A$103)) | J13: =IF(A13="","",SUMIFS($H$5:$H$204,$A$5:$A$204,A13,$L$5:$L$204,"Approved")) | K13: =IF(OR(A13="",I13=""),"",I13-J13)
G14: =IF(OR(E14="",F14=""),"",MAX(0,F14-E14+1)) | H14: =IF(OR(E14="",F14="",F14<E14),"",NETWORKDAYS.INTL(E14,F14,17,'Holiday List'!$A$4:$A$103)) | J14: =IF(A14="","",SUMIFS($H$5:$H$204,$A$5:$A$204,A14,$L$5:$L$204,"Approved")) | K14: =IF(OR(A14="",I14=""),"",I14-J14)
G15: =IF(OR(E15="",F15=""),"",MAX(0,F15-E15+1)) | H15: =IF(OR(E15="",F15="",F15<E15),"",NETWORKDAYS.INTL(E15,F15,17,'Holiday List'!$A$4:$A$103)) | J15: =IF(A15="","",SUMIFS($H$5:$H$204,$A$5:$A$204,A15,$L$5:$L$204,"Approved")) | K15: =IF(OR(A15="",I15=""),"",I15-J15)
G16: =IF(OR(E16="",F16=""),"",MAX(0,F16-E16+1)) | H16: =IF(OR(E16="",F16="",F16<E16),"",NETWORKDAYS.INTL(E16,F16,17,'Holiday List'!$A$4:$A$103)) | J16: =IF(A16="","",SUMIFS($H$5:$H$204,$A$5:$A$204,A16,$L$5:$L$204,"Approved")) | K16: =IF(OR(A16="",I16=""),"",I16-J16)
G17: =IF(OR(E17="",F17=""),"",MAX(0,F17-E17+1)) | H17: =IF(OR(E17="",F17="",F17<E17),"",NETWORKDAYS.INTL(E17,F17,17,'Holiday List'!$A$4:$A$103)) | J17: =IF(A17="","",SUMIFS($H$5:$H$204,$A$5:$A$204,A17,$L$5:$L$204,"Approved")) | K17: =IF(OR(A17="",I17=""),"",I17-J17)
... G204: =IF(OR(E204="",F204=""),"",MAX(0,F204-E204+1)) | H204: =IF(OR(E204="",F204="",F204<E204),"",NETWORKDAYS.INTL(E204,F204,17,'Holiday List'!$A$4:$A$103)) | J204: =IF(A204="","",SUMIFS($H$5:$H$204,$A$5:$A$204,A204,$L$5:$L$204,"Approved")) | K204: =IF(OR(A204="",I204=""),"",I204-J204)

Sheet Holiday List
A1: PUBLIC HOLIDAY LIST
A3: Holiday Date | B3: Holiday Name | C3: Notes

Sheet Dashboard
A1: LEAVE SUMMARY DASHBOARD
A3: Total Requests | B3: =COUNTA('Leave Tracker'!A5:A204) -> 1
A4: Pending Requests | B4: =COUNTIF('Leave Tracker'!L5:L204,"Pending") -> 0
A5: Approved Requests | B5: =COUNTIF('Leave Tracker'!L5:L204,"Approved") -> 0
A6: Rejected Requests | B6: =COUNTIF('Leave Tracker'!L5:L204,"Rejected") -> 0
A7: Approved Working Leave Days | B7: =SUMIF('Leave Tracker'!L5:L204,"Approved",'Leave Tracker'!H5:H204) -> 0
A10: Note | B10: Summary updates automatically as you enter leave requests.

Sheet Instructions
A1: HOW TO USE THIS WORKBOOK
A3: 1 | B3: Enter each leave request on a new row in Leave Tracker.
A4: 2 | B4: Enter Employee ID, employee details, leave type, start date and end date.
A5: 3 | B5: Enter the employee's annual entitlement in column I. Use the same entitlement on that employee's rows.
A6: 4 | B6: Choose Pending, Approved or Rejected in Request Status.
A7: 5 | B7: Only Approved requests are included in Leave Taken and Remaining Balance.
A8: 6 | B8: Add public holiday dates in Holiday List. These dates are excluded from Working Leave Days.
A9: 7 | B9: This workbook is set to exclude Saturdays only (common Nepal work-week setting).
A10: 8 | B10: To change weekend rules, edit the weekend argument 17 in the formula in column H. See Excel NETWORKDAYS.INTL weekend codes.
A11: 9 | B11: Calendar Days counts every date including weekends and holidays; Working Leave Days excludes Saturdays and listed holidays.
A12: 10 | B12: Dashboard totals update automatically. The tracker has space for 200 requests.
